{
  "benchmark_runs": 30,
  "results": [
    {
      "name": "Programa_A",
      "command": [
        "/usr/bin/python3",
        "/home/jc/Downloads/Trabalho Bianca/Programa_A.py"
      ],
      "all_times": [
        2.998683976002212,
        3.0446874999979627,
        2.994779895998363,
        2.9998913430026732,
        3.00227310199989,
        3.081508404997294,
        3.018132281002181,
        3.0846055609945324,
        3.0258232920023147,
        3.0279192489979323,
        3.0861085959986667,
        3.058185877998767,
        3.015216257997963,
        3.1136445570009528,
        3.021121870006027,
        3.1060443980022683,
        3.014836046997516,
        3.017204588999448,
        3.0332304159965133,
        3.0869827339993208,
        3.024387249999563,
        3.024535440003092,
        3.020011667002109,
        3.108765454002423,
        3.0212342770028044,
        3.137634299004276,
        3.0272867960011354,
        3.1025705479987664,
        3.0274548800007324,
        3.020429056996363
      ],
      "warmup_excluded": [
        1
      ],
      "outlier_excluded": [],
      "included_times": [
        3.0446874999979627,
        2.994779895998363,
        2.9998913430026732,
        3.00227310199989,
        3.081508404997294,
        3.018132281002181,
        3.0846055609945324,
        3.0258232920023147,
        3.0279192489979323,
        3.0861085959986667,
        3.058185877998767,
        3.015216257997963,
        3.1136445570009528,
        3.021121870006027,
        3.1060443980022683,
        3.014836046997516,
        3.017204588999448,
        3.0332304159965133,
        3.0869827339993208,
        3.024387249999563,
        3.024535440003092,
        3.020011667002109,
        3.108765454002423,
        3.0212342770028044,
        3.137634299004276,
        3.0272867960011354,
        3.1025705479987664,
        3.0274548800007324,
        3.020429056996363
      ],
      "mean_time": 3.0464312289655813
    },
    {
      "name": "Programa_B_2_threads",
      "command": [
        "/usr/bin/python3",
        "/home/jc/Downloads/Trabalho Bianca/Programa_B.py",
        "--workers",
        "2",
        "--mode",
        "thread"
      ],
      "all_times": [
        3.1480704170026,
        3.1250835030004964,
        3.4034881370025687,
        3.1102715809975052,
        3.0544726279986207,
        3.1037156879974646,
        3.062424096999166,
        3.1542136049974943,
        3.097379587998148,
        3.0940322850001394,
        3.04803054399963,
        3.056575053000415,
        3.0444698840001365,
        3.1400884089962346,
        3.0978230299951974,
        3.122620613001345,
        3.0530704369957675,
        3.090420685999561,
        3.0616641900051036,
        3.180065934997401,
        3.108649032001267,
        3.061656814003072,
        3.202147848001914,
        3.061392605995934,
        3.149038986994128,
        3.1110684469967964,
        3.069894981003017,
        3.0613608790008584,
        3.0578412860049866,
        3.089217941997049
      ],
      "warmup_excluded": [
        1
      ],
      "outlier_excluded": [
        3
      ],
      "included_times": [
        3.1250835030004964,
        3.1102715809975052,
        3.0544726279986207,
        3.1037156879974646,
        3.062424096999166,
        3.1542136049974943,
        3.097379587998148,
        3.0940322850001394,
        3.04803054399963,
        3.056575053000415,
        3.0444698840001365,
        3.1400884089962346,
        3.0978230299951974,
        3.122620613001345,
        3.0530704369957675,
        3.090420685999561,
        3.0616641900051036,
        3.180065934997401,
        3.108649032001267,
        3.061656814003072,
        3.202147848001914,
        3.061392605995934,
        3.149038986994128,
        3.1110684469967964,
        3.069894981003017,
        3.0613608790008584,
        3.0578412860049866,
        3.089217941997049
      ],
      "mean_time": 3.095310377784959
    },
    {
      "name": "Programa_B_4_threads",
      "command": [
        "/usr/bin/python3",
        "/home/jc/Downloads/Trabalho Bianca/Programa_B.py",
        "--workers",
        "4",
        "--mode",
        "thread"
      ],
      "all_times": [
        3.1011879409998073,
        3.117279170000984,
        3.0889505360028124,
        3.0908777539953007,
        3.1072480260045268,
        3.08211738600221,
        3.1298786889965413,
        3.118345633003628,
        3.072450788000424,
        3.0849826079938794,
        3.080672323994804,
        3.102813879006135,
        3.1142643769999268,
        3.0758063070024946,
        3.0956367230028263,
        3.1276457350031706,
        3.129070946997672,
        3.0881409850044292,
        3.0722673049967852,
        3.0795493199984776,
        3.1233781589980936,
        3.084289427002659,
        3.0868596699947375,
        3.411629014000937,
        3.1005942829942796,
        3.073491991002811,
        3.256495884001197,
        3.074976495001465,
        3.0627125120008714,
        3.084141986000759
      ],
      "warmup_excluded": [
        1
      ],
      "outlier_excluded": [
        24,
        27
      ],
      "included_times": [
        3.117279170000984,
        3.0889505360028124,
        3.0908777539953007,
        3.1072480260045268,
        3.08211738600221,
        3.1298786889965413,
        3.118345633003628,
        3.072450788000424,
        3.0849826079938794,
        3.080672323994804,
        3.102813879006135,
        3.1142643769999268,
        3.0758063070024946,
        3.0956367230028263,
        3.1276457350031706,
        3.129070946997672,
        3.0881409850044292,
        3.0722673049967852,
        3.0795493199984776,
        3.1233781589980936,
        3.084289427002659,
        3.0868596699947375,
        3.1005942829942796,
        3.073491991002811,
        3.074976495001465,
        3.0627125120008714,
        3.084141986000759
      ],
      "mean_time": 3.0943867783334333
    },
    {
      "name": "Programa_B_8_threads",
      "command": [
        "/usr/bin/python3",
        "/home/jc/Downloads/Trabalho Bianca/Programa_B.py",
        "--workers",
        "8",
        "--mode",
        "thread"
      ],
      "all_times": [
        3.655019422993064,
        3.6415639170008944,
        3.640490881000005,
        3.7111413409948,
        3.6358257770043565,
        3.6013910889960243,
        3.661029413997312,
        3.6128784629981965,
        3.640731968000182,
        3.6196786540022003,
        3.6910633400038932,
        3.6582416119999834,
        3.6047543730019243,
        3.6151021320038126,
        3.619266928995785,
        3.6493355019993032,
        3.713573096996697,
        3.6594553840041044,
        3.5893296170033864,
        3.6787381949980045,
        3.61374577999959,
        3.6553809809993254,
        3.6059446280050906,
        3.6553590490002534,
        3.602382017998025,
        3.6462694049987476,
        3.6466798380060936,
        3.6618971429998055,
        3.633285302996228,
        3.6843418429998565
      ],
      "warmup_excluded": [
        1
      ],
      "outlier_excluded": [],