{
  "benchmark_runs": 30,
  "results": [
    {
      "name": "Programa_A",
      "command": [
        "C:\\Program Files (x86)\\Python37-32\\python.exe",
        "C:\\Users\\Otavio\\Downloads\\Trabalho Bianca 2\\Trabalho Bianca 2\\Programa_A.py"
      ],
      "all_times": [
        6.8831237000000005,
        6.710919,
        6.1040457,
        6.1544430000000006,
        6.213398899999998,
        6.195767199999999,
        6.925032000000002,
        6.506439900000004,
        6.354653200000001,
        6.642329900000007,
        6.425668999999999,
        6.1770061,
        6.1578547000000015,
        6.197821099999999,
        6.532859099999996,
        6.179615699999999,
        6.086631300000008,
        6.22964420000001,
        6.148551999999995,
        6.207486299999999,
        6.089731200000003,
        6.233672599999977,
        6.290015100000005,
        6.249741699999987,
        6.337300199999987,
        6.2637339999999995,
        6.371804499999996,
        6.2779223,
        6.31868879999999,
        6.130221600000027
      ],
      "warmup_excluded": [
        1
      ],
      "outlier_excluded": [
        2,
        7
      ],
      "included_times": [
        6.1040457,
        6.1544430000000006,
        6.213398899999998,
        6.195767199999999,
        6.506439900000004,
        6.354653200000001,
        6.642329900000007,
        6.425668999999999,
        6.1770061,
        6.1578547000000015,
        6.197821099999999,
        6.532859099999996,
        6.179615699999999,
        6.086631300000008,
        6.22964420000001,
        6.148551999999995,
        6.207486299999999,
        6.089731200000003,
        6.233672599999977,
        6.290015100000005,
        6.249741699999987,
        6.337300199999987,
        6.2637339999999995,
        6.371804499999996,
        6.2779223,
        6.31868879999999,
        6.130221600000027
      ],
      "mean_time": 6.2621129370370365
    },
    {
      "name": "Programa_B_2_processos",
      "command": [
        "C:\\Program Files (x86)\\Python37-32\\python.exe",
        "C:\\Users\\Otavio\\Downloads\\Trabalho Bianca 2\\Trabalho Bianca 2\\Programa_B.py",
        "--workers",
        "2"
      ],
      "all_times": [
        4.218416600000012,
        4.149929499999985,
        4.165510600000005,
        4.180697000000009,
        5.334648999999985,
        4.1375756000000194,
        4.15729300000001,
        4.1781745000000114,
        4.0958716000000095,
        4.144222899999988,
        5.330770000000001,
        4.193127400000009,
        4.105730499999993,
        4.163921599999981,
        4.164168100000012,
        4.176636099999996,
        4.2248124999999845,
        4.187831500000016,
        5.301955200000009,
        4.130661900000007,
        4.124477899999988,
        4.120559700000001,
        4.181331099999966,
        4.132123999999976,
        5.310509999999965,
        4.118671000000006,
        4.107369100000028,
        4.158218599999998,
        4.117084599999998,
        4.147681799999987
      ],
      "warmup_excluded": [
        1
      ],
      "outlier_excluded": [
        5,
        11,
        19,
        25
      ],
      "included_times": [
        4.149929499999985,
        4.165510600000005,
        4.180697000000009,
        4.1375756000000194,
        4.15729300000001,
        4.1781745000000114,
        4.0958716000000095,
        4.144222899999988,
        4.193127400000009,
        4.105730499999993,
        4.163921599999981,
        4.164168100000012,
        4.176636099999996,
        4.2248124999999845,
        4.187831500000016,
        4.130661900000007,
        4.124477899999988,
        4.120559700000001,
        4.181331099999966,
        4.132123999999976,
        4.118671000000006,
        4.107369100000028,
        4.158218599999998,
        4.117084599999998,
        4.147681799999987
      ],
      "mean_time": 4.150547283999999
    },
    {
      "name": "Programa_B_4_processos",
      "command": [
        "C:\\Program Files (x86)\\Python37-32\\python.exe",
        "C:\\Users\\Otavio\\Downloads\\Trabalho Bianca 2\\Trabalho Bianca 2\\Programa_B.py",
        "--workers",
        "4"
      ],
      "all_times": [
        2.2859415000000354,
        2.8276295000000005,
        2.950416099999984,
        2.9578045999999745,
        2.3398407999999904,
        2.5336862000000338,
        2.5690645000000245,
        3.070311400000037,
        2.987711200000035,
        2.3538338999999837,
        2.344502499999976,
        2.353070800000012,
        2.3308971000000156,
        2.342090799999994,
        2.8616777000000297,
        2.8955641000000014,
        2.3463140000000067,
        2.6542820000000233,
        2.4222237000000177,
        2.4958568000000128,
        2.954730799999993,
        2.9942135000000007,
        2.418621299999984,
        2.468951899999979,
        3.012450700000045,
        2.3588922999999795,
        2.42978260000001,
        3.0250785000000064,
        3.0768196999999873,
        3.050064299999974
      ],
      "warmup_excluded": [
        1
      ],
      "outlier_excluded": [],
      "included_times": [
        2.8276295000000005,
        2.950416099999984,
        2.9578045999999745,
        2.3398407999999904,
        2.5336862000000338,
        2.5690645000000245,
        3.070311400000037,
        2.987711200000035,
        2.3538338999999837,
        2.344502499999976,
        2.353070800000012,
        2.3308971000000156,
        2.342090799999994,
        2.8616777000000297,
        2.8955641000000014,
        2.3463140000000067,
        2.6542820000000233,
        2.4222237000000177,
        2.4958568000000128,
        2.954730799999993,
        2.9942135000000007,
        2.418621299999984,
        2.468951899999979,
        3.012450700000045,
        2.3588922999999795,
        2.42978260000001,
        3.0250785000000064,
        3.0768196999999873,
        3.050064299999974
      ],
      "mean_time": 2.6698752862069
    },
    {
      "name": "Programa_B_8_processos",
      "command": [
        "C:\\Program Files (x86)\\Python37-32\\python.exe",
        "C:\\Users\\Otavio\\Downloads7\\Trabalho Bianca 2\\Trabalho Bianca 2\\Programa_B.py",
        "--workers",
        "8"
      ],
      "all_times": [
        2.4030690000000163,
        2.489896799999997,
        2.244556999999986,
        2.4522642999999675,
        2.229230199999961,
        2.774968000000001,
        2.2482894999999985,
        2.3050716000000193,
        2.598547999999994,
        2.3096841000000268,
        3.8167801000000168,
        3.7765331000000515,
        3.1201492000000144,
        3.372282499999983,
        3.2854768000000263,
        2.9631418000000167,
        3.3462183000000323,
        2.9517442000000074,
        3.459084999999959,
        3.4913133999999673,
        3.4803028999999697,
        3.3948206999999684,
        2.9922596000000112,
        3.3504436000000055,
        3.0434752999999546,
        2.901940599999989,
        3.0278278000000114,
        3.3974119999999743,
        3.058456500000034,
        3.0920037000000207
      ],
      "warmup_excluded": [
        1
      ],
      "outlier_excluded": [],